<?xml version="1.0" encoding="UTF-8"?>
<addon id="docker.futuremaze.epgstation" name="epgstation" version="1.0.7" provider-name="futuremaze project">
	<requires>
		<import addon="os.libreelec.tv" version="7.0"/>
		<import addon="service.system.docker" version="0.0.0"/>
		<import addon="tools.ffmpeg-tools" version="0.0.0"/>
	</requires>
	<extension point="xbmc.service" library="default.py">
		<provides/>
	</extension>
	<extension point="xbmc.addon.metadata">
		<platform>all</platform>
		<license>GPL v3.0</license>
		<summary>epgstation</summary>
		<source>https://github.com/futuremaze/docker.futuremaze.epgstation/</source>
		<website>https://github.com/futuremaze/docker.futuremaze.epgstation/wiki</website>
		<forum>https://github.com/futuremaze/docker.futuremaze.epgstation/issues</forum>
		<language>en ja</language>
		<disclaimer>epgstation</disclaimer>
	</extension>
</addon>
