<?xml version="1.0" encoding="UTF-8"?>
<addon id="docker.futuremaze.mirakurun" name="mirakurun" version="1.0.0" provider-name="futuremaze project">
	<requires>
		<import addon="os.libreelec.tv" version="7.0"/>
		<import addon="service.system.docker" version="0.0.0"/>
	</requires>
	<extension point="xbmc.service" library="default.py">
		<provides/>
	</extension>
	<extension point="xbmc.addon.metadata">
		<platform>all</platform>
		<license>GPL v3.0</license>
		<summary>mirakurun</summary>
		<source>https://github.com/futuremaze/docker.futuremaze.mirakurun/</source>
		<website>https://github.com/futuremaze/docker.futuremaze.mirakurun/wiki</website>
		<forum>https://github.com/futuremaze/docker.futuremaze.mirakurun/issues</forum>
		<language>en ja</language>
		<disclaimer>mirakurun</disclaimer>
	</extension>
</addon>
